Step,Task,Loss,Perplexity,Memory_MB,Fried_Grad_Norm,Gate_Grad_Norm,Max_Gate_Mag,Active_Grad_Norm,Gate_Bias_Max,Gate_Bias_Min,Gate_Bias_Mean,Router_Weight_Norm,Probe_Loss,Probe_PPL,Probe_Gate_Bias_Max
0,COUNT_UP,6.389495,595.555970,289.75,0.000000000,0.000000000,0.0000,0.000000,0.0000,0.0000,0.0000,0.0000,0.000000,0.000000,0.0000
1,COUNT_UP,6.334635,563.763737,293.32,0.000000000,0.000000000,0.0000,0.000000,0.0000,0.0000,0.0000,0.0000,0.000000,0.000000,0.0000
2,COUNT_UP,6.189144,487.428522,293.62,0.000000000,0.000000000,0.0000,0.000000,0.0000,0.0000,0.0000,0.0000,0.000000,0.000000,0.0000
3,COUNT_UP,6.107209,449.083665,293.64,0.000000000,0.000000000,0.0000,0.000000,0.0000,0.0000,0.0000,0.0000,0.000000,0.000000,0.0000
4,COUNT_UP,6.044900,421.955535,293.62,0.000000000,0.000000000,0.0000,0.000000,0.0000,0.0000,0.0000,0.0000,0.000000,0.000000,0.0000
5,COUNT_UP,5.923990,373.900520,293.64,0.000000000,0.000000000,0.0000,0.000000,0.0000,0.0000,0.0000,0.0000,0.000000,0.000000,0.0000
6,COUNT_UP,5.802880,331.252289,293.62,0.000000000,0.000000000,0.0000,0.000000,0.0000,0.0000,0.0000,0.0000,0.000000,0.000000,0.0000
7,COUNT_UP,5.729587,307.841981,293.64,0.000000000,0.000000000,0.0000,0.000000,0.0000,0.0000,0.0000,0.0000,0.000000,0.000000,0.0000
8,COUNT_UP,5.669285,289.827182,293.62,0.000000000,0.000000000,0.0000,0.000000,0.0000,0.0000,0.0000,0.0000,0.000000,0.000000,0.0000
9,COUNT_UP,5.610145,273.183872,293.64,0.000000000,0.000000000,0.0000,0.000000,0.0000,0.0000,0.0000,0.0000,0.000000,0.000000,0.0000
10,COUNT_UP,5.478783,239.554909,293.62,0.000000000,0.000000000,0.0000,0.000000,0.0000,0.0000,0.0000,0.0000,0.000000,0.000000,0.0000
11,COUNT_UP,5.390791,219.376831,293.64,0.000000000,0.000000000,0.0000,0.000000,0.0000,0.0000,0.0000,0.0000,0.000000,0.000000,0.0000
12,COUNT_UP,5.333498,207.161260,293.62,0.000000000,0.000000000,0.0000,0.000000,0.0000,0.0000,0.0000,0.0000,0.000000,0.000000,0.0000
13,COUNT_UP,5.236065,187.929217,293.64,0.000000000,0.000000000,0.0000,0.000000,0.0000,0.0000,0.0000,0.0000,0.000000,0.000000,0.0000
14,COUNT_UP,5.128589,168.778748,293.62,0.000000000,0.000000000,0.0000,0.000000,0.0000,0.0000,0.0000,0.0000,0.000000,0.000000,0.0000
15,COUNT_UP,5.032701,153.346572,293.64,0.000000000,0.000000000,0.0000,0.000000,0.0000,0.0000,0.0000,0.0000,0.000000,0.000000,0.0000
16,COUNT_UP,4.934955,139.066901,293.62,0.000000000,0.000000000,0.0000,0.000000,0.0000,0.0000,0.0000,0.0000,0.000000,0.000000,0.0000
17,COUNT_UP,4.877460,131.296747,293.64,0.000000000,0.000000000,0.0000,0.000000,0.0000,0.0000,0.0000,0.0000,0.000000,0.000000,0.0000
18,COUNT_UP,4.769468,117.856506,293.62,0.000000000,0.000000000,0.0000,0.000000,0.0000,0.0000,0.0000,0.0000,0.000000,0.000000,0.0000
19,COUNT_UP,4.628311,102.341080,293.64,0.000000000,0.000000000,0.0000,0.000000,0.0000,0.0000,0.0000,0.0000,0.000000,0.000000,0.0000
20,COUNT_UP,4.569014,96.448971,293.62,0.000000000,0.000000000,0.0000,0.000000,0.0000,0.0000,0.0000,0.0000,0.000000,0.000000,0.0000
21,COUNT_UP,4.480087,88.242332,293.64,0.000000000,0.000000000,0.0000,0.000000,0.0000,0.0000,0.0000,0.0000,0.000000,0.000000,0.0000
22,COUNT_UP,4.290005,72.966848,293.62,0.000000000,0.000000000,0.0000,0.000000,0.0000,0.0000,0.0000,0.0000,0.000000,0.000000,0.0000
23,COUNT_UP,4.150646,63.475005,293.64,0.000000000,0.000000000,0.0000,0.000000,0.0000,0.0000,0.0000,0.0000,0.000000,0.000000,0.0000
24,COUNT_UP,4.142347,62.950414,293.62,0.000000000,0.000000000,0.0000,0.000000,0.0000,0.0000,0.0000,0.0000,0.000000,0.000000,0.0000
25,COUNT_UP,4.018716,55.629624,293.64,0.000000000,0.000000000,0.0000,0.000000,0.0000,0.0000,0.0000,0.0000,0.000000,0.000000,0.0000
26,COUNT_UP,3.855064,47.231624,293.62,0.000000000,0.000000000,0.0000,0.000000,0.0000,0.0000,0.0000,0.0000,0.000000,0.000000,0.0000
27,COUNT_UP,3.712297,40.947744,293.64,0.000000000,0.000000000,0.0000,0.000000,0.0000,0.0000,0.0000,0.0000,0.000000,0.000000,0.0000
28,COUNT_UP,3.627804,37.630092,293.62,0.000000000,0.000000000,0.0000,0.000000,0.0000,0.0000,0.0000,0.0000,0.000000,0.000000,0.0000
29,COUNT_UP,3.560551,35.182575,293.64,0.000000000,0.000000000,0.0000,0.000000,0.0000,0.0000,0.0000,0.0000,0.000000,0.000000,0.0000
30,COUNT_UP,3.391653,29.715025,293.62,0.000000000,0.000000000,0.0000,0.000000,0.0000,0.0000,0.0000,0.0000,0.000000,0.000000,0.0000
31,COUNT_UP,3.244576,25.650819,293.64,0.000000000,0.000000000,0.0000,0.000000,0.0000,0.0000,0.0000,0.0000,0.000000,0.000000,0.0000
32,COUNT_UP,3.145794,23.238128,293.62,0.000000000,0.000000000,0.0000,0.000000,0.0000,0.0000,0.0000,0.0000,0.000000,0.000000,0.0000
33,COUNT_UP,2.969486,19.481894,293.64,0.000000000,0.000000000,0.0000,0.000000,0.0000,0.0000,0.0000,0.0000,0.000000,0.000000,0.0000
34,COUNT_UP,3.028584,20.667936,293.62,0.000000000,0.000000000,0.0000,0.000000,0.0000,0.0000,0.0000,0.0000,0.000000,0.000000,0.0000
35,COUNT_UP,2.580960,13.209811,293.64,0.000000000,0.000000000,0.0000,0.000000,0.0000,0.0000,0.0000,0.0000,0.000000,0.000000,0.0000
36,COUNT_UP,2.359602,10.586742,293.63,0.000000000,0.000000000,0.0000,0.000000,0.0000,0.0000,0.0000,0.0000,0.000000,0.000000,0.0000
37,COUNT_UP,2.400030,11.023511,293.64,0.000000000,0.000000000,0.0000,0.000000,0.0000,0.0000,0.0000,0.0000,0.000000,0.000000,0.0000
38,COUNT_UP,2.055461,7.810437,293.63,0.000000000,0.000000000,0.0000,0.000000,0.0000,0.0000,0.0000,0.0000,0.000000,0.000000,0.0000
39,COUNT_UP,2.091189,8.094535,293.64,0.000000000,0.000000000,0.0000,0.000000,0.0000,0.0000,0.0000,0.0000,0.000000,0.000000,0.0000
40,COUNT_UP,1.889712,6.617463,293.63,0.000000000,0.000000000,0.0000,0.000000,0.0000,0.0000,0.0000,0.0000,0.000000,0.000000,0.0000
41,COUNT_UP,1.770742,5.875211,293.64,0.000000000,0.000000000,0.0000,0.000000,0.0000,0.0000,0.0000,0.0000,0.000000,0.000000,0.0000
42,COUNT_UP,1.716468,5.564839,293.63,0.000000000,0.000000000,0.0000,0.000000,0.0000,0.0000,0.0000,0.0000,0.000000,0.000000,0.0000
43,COUNT_UP,1.338925,3.814941,293.64,0.000000000,0.000000000,0.0000,0.000000,0.0000,0.0000,0.0000,0.0000,0.000000,0.000000,0.0000
44,COUNT_UP,1.367814,3.926757,293.63,0.000000000,0.000000000,0.0000,0.000000,0.0000,0.0000,0.0000,0.0000,0.000000,0.000000,0.0000
45,COUNT_UP,1.259716,3.524422,293.64,0.000000000,0.000000000,0.0000,0.000000,0.0000,0.0000,0.0000,0.0000,0.000000,0.000000,0.0000
46,COUNT_UP,1.027212,2.793267,293.63,0.000000000,0.000000000,0.0000,0.000000,0.0000,0.0000,0.0000,0.0000,0.000000,0.000000,0.0000
47,COUNT_UP,0.863900,2.372395,293.64,0.000000000,0.000000000,0.0000,0.000000,0.0000,0.0000,0.0000,0.0000,0.000000,0.000000,0.0000
48,COUNT_UP,0.719477,2.053360,293.63,0.000000000,0.000000000,0.0000,0.000000,0.0000,0.0000,0.0000,0.0000,0.000000,0.000000,0.0000
49,COUNT_UP,0.735740,2.087026,293.64,0.000000000,0.000000000,0.0000,0.000000,0.0000,0.0000,0.0000,0.0000,0.000000,0.000000,0.0000
50,COUNT_UP,0.613068,1.846086,293.63,0.000000000,0.000000000,0.0000,0.000000,0.0000,0.0000,0.0000,0.0000,0.000000,0.000000,0.0000
51,COUNT_UP,0.582344,1.790230,293.64,0.000000000,0.000000000,0.0000,0.000000,0.0000,0.0000,0.0000,0.0000,0.000000,0.000000,0.0000
52,COUNT_UP,0.551783,1.736347,293.63,0.000000000,0.000000000,0.0000,0.000000,0.0000,0.0000,0.0000,0.0000,0.000000,0.000000,0.0000
53,COUNT_UP,0.486545,1.626687,293.64,0.000000000,0.000000000,0.0000,0.000000,0.0000,0.0000,0.0000,0.0000,0.000000,0.000000,0.0000
54,COUNT_UP,0.427647,1.533645,293.63,0.000000000,0.000000000,0.0000,0.000000,0.0000,0.0000,0.0000,0.0000,0.000000,0.000000,0.0000
55,COUNT_UP,0.258334,1.294771,293.64,0.000000000,0.000000000,0.0000,0.000000,0.0000,0.0000,0.0000,0.0000,0.000000,0.000000,0.0000
56,COUNT_UP,0.305119,1.356786,293.63,0.000000000,0.000000000,0.0000,0.000000,0.0000,0.0000,0.0000,0.0000,0.000000,0.000000,0.0000
57,COUNT_UP,0.222030,1.248609,293.64,0.000000000,0.000000000,0.0000,0.000000,0.0000,0.0000,0.0000,0.0000,0.000000,0.000000,0.0000
58,COUNT_UP,0.263402,1.301349,293.63,0.000000000,0.000000000,0.0000,0.000000,0.0000,0.0000,0.0000,0.0000,0.000000,0.000000,0.0000
59,COUNT_UP,0.202520,1.224485,293.64,0.000000000,0.000000000,0.0000,0.000000,0.0000,0.0000,0.0000,0.0000,0.000000,0.000000,0.0000
60,COUNT_UP,0.181288,1.198760,293.63,0.000000000,0.000000000,0.0000,0.000000,0.0000,0.0000,0.0000,0.0000,0.000000,0.000000,0.0000
61,COUNT_UP,0.137574,1.147487,293.64,0.000000000,0.000000000,0.0000,0.000000,0.0000,0.0000,0.0000,0.0000,0.000000,0.000000,0.0000
62,COUNT_UP,0.080576,1.083911,293.63,0.000000000,0.000000000,0.0000,0.000000,0.0000,0.0000,0.0000,0.0000,0.000000,0.000000,0.0000
63,COUNT_UP,0.071931,1.074581,293.64,0.000000000,0.000000000,0.0000,0.000000,0.0000,0.0000,0.0000,0.0000,0.000000,0.000000,0.0000
64,COUNT_UP,0.067214,1.069525,293.63,0.000000000,0.000000000,0.0000,0.000000,0.0000,0.0000,0.0000,0.0000,0.000000,0.000000,0.0000
65,COUNT_UP,0.053756,1.055227,293.64,0.000000000,0.000000000,0.0000,0.000000,0.0000,0.0000,0.0000,0.0000,0.000000,0.000000,0.0000
66,COUNT_UP,0.044904,1.045928,293.63,0.000000000,0.000000000,0.0000,0.000000,0.0000,0.0000,0.0000,0.0000,0.000000,0.000000,0.0000
67,COUNT_UP,0.067653,1.069994,293.65,0.000000000,0.000000000,0.0000,0.000000,0.0000,0.0000,0.0000,0.0000,0.000000,0.000000,0.0000
68,COUNT_UP,0.039688,1.040486,293.64,0.000000000,0.000000000,0.0000,0.000000,0.0000,0.0000,0.0000,0.0000,0.000000,0.000000,0.0000
69,COUNT_UP,0.045156,1.046191,293.65,0.000000000,0.000000000,0.0000,0.000000,0.0000,0.0000,0.0000,0.0000,0.000000,0.000000,0.0000
70,COUNT_UP,0.031392,1.031890,293.64,0.000000000,0.000000000,0.0000,0.000000,0.0000,0.0000,0.0000,0.0000,0.000000,0.000000,0.0000
71,COUNT_UP,0.117728,1.124938,293.65,0.000000000,0.000000000,0.0000,0.000000,0.0000,0.0000,0.0000,0.0000,0.000000,0.000000,0.0000
72,COUNT_UP,0.073234,1.075982,293.64,0.000000000,0.000000000,0.0000,0.000000,0.0000,0.0000,0.0000,0.0000,0.000000,0.000000,0.0000
73,COUNT_UP,0.039769,1.040571,293.65,0.000000000,0.000000000,0.0000,0.000000,0.0000,0.0000,0.0000,0.0000,0.000000,0.000000,0.0000
74,COUNT_UP,0.050132,1.051410,293.64,0.000000000,0.000000000,0.0000,0.000000,0.0000,0.0000,0.0000,0.0000,0.000000,0.000000,0.0000
75,COUNT_UP,0.055496,1.057065,293.65,0.000000000,0.000000000,0.0000,0.000000,0.0000,0.0000,0.0000,0.0000,0.000000,0.000000,0.0000
76,COUNT_UP,0.024656,1.024963,293.64,0.000000000,0.000000000,0.0000,0.000000,0.0000,0.0000,0.0000,0.0000,0.000000,0.000000,0.0000
77,COUNT_UP,0.018663,1.018838,293.65,0.000000000,0.000000000,0.0000,0.000000,0.0000,0.0000,0.0000,0.0000,0.000000,0.000000,0.0000
78,COUNT_UP,0.041823,1.042710,293.64,0.000000000,0.000000000,0.0000,0.000000,0.0000,0.0000,0.0000,0.0000,0.000000,0.000000,0.0000
79,COUNT_UP,0.019174,1.019359,293.65,0.000000000,0.000000000,0.0000,0.000000,0.0000,0.0000,0.0000,0.0000,0.000000,0.000000,0.0000
80,COUNT_UP,0.040293,1.041116,293.64,0.000000000,0.000000000,0.0000,0.000000,0.0000,0.0000,0.0000,0.0000,0.000000,0.000000,0.0000
81,COUNT_UP,0.050044,1.051317,293.65,0.000000000,0.000000000,0.0000,0.000000,0.0000,0.0000,0.0000,0.0000,0.000000,0.000000,0.0000
82,COUNT_UP,0.015575,1.015697,293.64,0.000000000,0.000000000,0.0000,0.000000,0.0000,0.0000,0.0000,0.0000,0.000000,0.000000,0.0000
83,COUNT_UP,0.017937,1.018098,293.65,0.000000000,0.000000000,0.0000,0.000000,0.0000,0.0000,0.0000,0.0000,0.000000,0.000000,0.0000
84,COUNT_UP,0.014214,1.014315,293.64,0.000000000,0.000000000,0.0000,0.000000,0.0000,0.0000,0.0000,0.0000,0.000000,0.000000,0.0000
85,COUNT_UP,0.028453,1.028861,293.65,0.000000000,0.000000000,0.0000,0.000000,0.0000,0.0000,0.0000,0.0000,0.000000,0.000000,0.0000
86,COUNT_UP,0.012710,1.012792,293.64,0.000000000,0.000000000,0.0000,0.000000,0.0000,0.0000,0.0000,0.0000,0.000000,0.000000,0.0000
87,COUNT_UP,0.015740,1.015864,293.65,0.000000000,0.000000000,0.0000,0.000000,0.0000,0.0000,0.0000,0.0000,0.000000,0.000000,0.0000
88,COUNT_UP,0.021279,1.021507,293.64,0.000000000,0.000000000,0.0000,0.000000,0.0000,0.0000,0.0000,0.0000,0.000000,0.000000,0.0000
89,COUNT_UP,0.011531,1.011598,293.65,0.000000000,0.000000000,0.0000,0.000000,0.0000,0.0000,0.0000,0.0000,0.000000,0.000000,0.0000
90,COUNT_UP,0.024161,1.024456,293.64,0.000000000,0.000000000,0.0000,0.000000,0.0000,0.0000,0.0000,0.0000,0.000000,0.000000,0.0000
91,COUNT_UP,0.024167,1.024462,293.65,0.000000000,0.000000000,0.0000,0.000000,0.0000,0.0000,0.0000,0.0000,0.000000,0.000000,0.0000
92,COUNT_UP,0.017540,1.017695,293.64,0.000000000,0.000000000,0.0000,0.000000,0.0000,0.0000,0.0000,0.0000,0.000000,0.000000,0.0000
93,COUNT_UP,0.012366,1.012443,293.65,0.000000000,0.000000000,0.0000,0.000000,0.0000,0.0000,0.0000,0.0000,0.000000,0.000000,0.0000
94,COUNT_UP,0.012182,1.012257,293.64,0.000000000,0.000000000,0.0000,0.000000,0.0000,0.0000,0.0000,0.0000,0.000000,0.000000,0.0000
95,COUNT_UP,0.009700,1.009747,293.65,0.000000000,0.000000000,0.0000,0.000000,0.0000,0.0000,0.0000,0.0000,0.000000,0.000000,0.0000
96,COUNT_UP,0.012347,1.012423,293.64,0.000000000,0.000000000,0.0000,0.000000,0.0000,0.0000,0.0000,0.0000,0.000000,0.000000,0.0000
97,COUNT_UP,0.023415,1.023692,293.65,0.000000000,0.000000000,0.0000,0.000000,0.0000,0.0000,0.0000,0.0000,0.000000,0.000000,0.0000
98,COUNT_UP,0.009767,1.009815,293.64,0.000000000,0.000000000,0.0000,0.000000,0.0000,0.0000,0.0000,0.0000,0.000000,0.000000,0.0000
99,COUNT_UP,0.008715,1.008753,293.65,0.000000000,0.000000000,0.0000,0.000000,0.0000,0.0000,0.0000,0.0000,0.000000,0.000000,0.0000
100,COUNT_UP,0.014776,1.014886,293.64,0.000000000,0.000000000,0.0000,0.000000,0.0000,0.0000,0.0000,0.0000,0.000000,0.000000,0.0000
101,COUNT_UP,0.008860,1.008900,293.65,0.000000000,0.000000000,0.0000,0.000000,0.0000,0.0000,0.0000,0.0000,0.000000,0.000000,0.0000
102,COUNT_UP,0.009088,1.009130,293.64,0.000000000,0.000000000,0.0000,0.000000,0.0000,0.0000,0.0000,0.0000,0.000000,0.000000,0.0000
103,COUNT_UP,0.008336,1.008371,293.65,0.000000000,0.000000000,0.0000,0.000000,0.0000,0.0000,0.0000,0.0000,0.000000,0.000000,0.0000
104,COUNT_UP,0.013168,1.013255,293.64,0.000000000,0.000000000,0.0000,0.000000,0.0000,0.0000,0.0000,0.0000,0.000000,0.000000,0.0000
105,COUNT_UP,0.008033,1.008065,293.65,0.000000000,0.000000000,0.0000,0.000000,0.0000,0.0000,0.0000,0.0000,0.000000,0.000000,0.0000
106,COUNT_UP,0.017982,1.018144,293.64,0.000000000,0.000000000,0.0000,0.000000,0.0000,0.0000,0.0000,0.0000,0.000000,0.000000,0.0000
107,COUNT_UP,0.007651,1.007680,293.65,0.000000000,0.000000000,0.0000,0.000000,0.0000,0.0000,0.0000,0.0000,0.000000,0.000000,0.0000
108,COUNT_UP,0.007643,1.007673,293.64,0.000000000,0.000000000,0.0000,0.000000,0.0000,0.0000,0.0000,0.0000,0.000000,0.000000,0.0000
109,COUNT_UP,0.007447,1.007475,293.65,0.000000000,0.000000000,0.0000,0.000000,0.0000,0.0000,0.0000,0.0000,0.000000,0.000000,0.0000
110,COUNT_UP,0.007513,1.007542,293.64,0.000000000,0.000000000,0.0000,0.000000,0.0000,0.0000,0.0000,0.0000,0.000000,0.000000,0.0000
111,COUNT_UP,0.007380,1.007408,293.65,0.000000000,0.000000000,0.0000,0.000000,0.0000,0.0000,0.0000,0.0000,0.000000,0.000000,0.0000
112,COUNT_UP,0.007250,1.007276,293.64,0.000000000,0.000000000,0.0000,0.000000,0.0000,0.0000,0.0000,0.0000,0.000000,0.000000,0.0000
113,COUNT_UP,0.007117,1.007142,293.65,0.000000000,0.000000000,0.0000,0.000000,0.0000,0.0000,0.0000,0.0000,0.000000,0.000000,0.0000
114,COUNT_UP,0.007234,1.007260,293.64,0.000000000,0.000000000,0.0000,0.000000,0.0000,0.0000,0.0000,0.0000,0.000000,0.000000,0.0000
115,COUNT_UP,0.006624,1.006646,293.65,0.000000000,0.000000000,0.0000,0.000000,0.0000,0.0000,0.0000,0.0000,0.000000,0.000000,0.0000
116,COUNT_UP,0.013387,1.013477,293.64,0.000000000,0.000000000,0.0000,0.000000,0.0000,0.0000,0.0000,0.0000,0.000000,0.000000,0.0000
117,COUNT_UP,0.006435,1.006456,293.65,0.000000000,0.000000000,0.0000,0.000000,0.0000,0.0000,0.0000,0.0000,0.000000,0.000000,0.0000
118,COUNT_UP,0.006493,1.006514,293.64,0.000000000,0.000000000,0.0000,0.000000,0.0000,0.0000,0.0000,0.0000,0.000000,0.000000,0.0000
119,COUNT_UP,0.006819,1.006842,293.65,0.000000000,0.000000000,0.0000,0.000000,0.0000,0.0000,0.0000,0.0000,0.000000,0.000000,0.0000
120,COUNT_UP,0.011725,1.011794,293.64,0.000000000,0.000000000,0.0000,0.000000,0.0000,0.0000,0.0000,0.0000,0.000000,0.000000,0.0000
121,COUNT_UP,0.008608,1.008645,293.65,0.000000000,0.000000000,0.0000,0.000000,0.0000,0.0000,0.0000,0.0000,0.000000,0.000000,0.0000
122,COUNT_UP,0.013156,1.013243,293.64,0.000000000,0.000000000,0.0000,0.000000,0.0000,0.0000,0.0000,0.0000,0.000000,0.000000,0.0000
123,COUNT_UP,0.006376,1.006397,293.65,0.000000000,0.000000000,0.0000,0.000000,0.0000,0.0000,0.0000,0.0000,0.000000,0.000000,0.0000
124,COUNT_UP,0.012039,1.012111,293.64,0.000000000,0.000000000,0.0000,0.000000,0.0000,0.0000,0.0000,0.0000,0.000000,0.000000,0.0000
125,COUNT_UP,0.006087,1.006105,293.65,0.000000000,0.000000000,0.0000,0.000000,0.0000,0.0000,0.0000,0.0000,0.000000,0.000000,0.0000
126,COUNT_UP,0.005826,1.005843,293.64,0.000000000,0.000000000,0.0000,0.000000,0.0000,0.0000,0.0000,0.0000,0.000000,0.000000,0.0000
127,COUNT_UP,0.005844,1.005861,293.65,0.000000000,0.000000000,0.0000,0.000000,0.0000,0.0000,0.0000,0.0000,0.000000,0.000000,0.0000
128,COUNT_UP,0.005790,1.005807,293.64,0.000000000,0.000000000,0.0000,0.000000,0.0000,0.0000,0.0000,0.0000,0.000000,0.000000,0.0000
129,COUNT_UP,0.007316,1.007343,293.65,0.000000000,0.000000000,0.0000,0.000000,0.0000,0.0000,0.0000,0.0000,0.000000,0.000000,0.0000
130,COUNT_UP,0.006606,1.006627,293.64,0.000000000,0.000000000,0.0000,0.000000,0.0000,0.0000,0.0000,0.0000,0.000000,0.000000,0.0000
131,COUNT_UP,0.006345,1.006365,293.65,0.000000000,0.000000000,0.0000,0.000000,0.0000,0.0000,0.0000,0.0000,0.000000,0.000000,0.0000
132,COUNT_UP,0.005361,1.005375,293.64,0.000000000,0.000000000,0.0000,0.000000,0.0000,0.0000,0.0000,0.0000,0.000000,0.000000,0.0000
133,COUNT_UP,0.005651,1.005667,293.65,0.000000000,0.000000000,0.0000,0.000000,0.0000,0.0000,0.0000,0.0000,0.000000,0.000000,0.0000
134,COUNT_UP,0.005606,1.005622,293.64,0.000000000,0.000000000,0.0000,0.000000,0.0000,0.0000,0.0000,0.0000,0.000000,0.000000,0.0000
135,COUNT_UP,0.005437,1.005452,293.65,0.000000000,0.000000000,0.0000,0.000000,0.0000,0.0000,0.0000,0.0000,0.000000,0.000000,0.0000
136,COUNT_UP,0.005419,1.005434,293.64,0.000000000,0.000000000,0.0000,0.000000,0.0000,0.0000,0.0000,0.0000,0.000000,0.000000,0.0000
137,COUNT_UP,0.005481,1.005496,293.65,0.000000000,0.000000000,0.0000,0.000000,0.0000,0.0000,0.0000,0.0000,0.000000,0.000000,0.0000
138,COUNT_UP,0.005178,1.005192,293.64,0.000000000,0.000000000,0.0000,0.000000,0.0000,0.0000,0.0000,0.0000,0.000000,0.000000,0.0000
139,COUNT_UP,0.005697,1.005713,293.65,0.000000000,0.000000000,0.0000,0.000000,0.0000,0.0000,0.0000,0.0000,0.000000,0.000000,0.0000
140,COUNT_UP,0.005031,1.005044,293.64,0.000000000,0.000000000,0.0000,0.000000,0.0000,0.0000,0.0000,0.0000,0.000000,0.000000,0.0000
141,COUNT_UP,0.004983,1.004995,293.65,0.000000000,0.000000000,0.0000,0.000000,0.0000,0.0000,0.0000,0.0000,0.000000,0.000000,0.0000
142,COUNT_UP,0.004793,1.004805,293.64,0.000000000,0.000000000,0.0000,0.000000,0.0000,0.0000,0.0000,0.0000,0.000000,0.000000,0.0000
143,COUNT_UP,0.004850,1.004862,293.65,0.000000000,0.000000000,0.0000,0.000000,0.0000,0.0000,0.0000,0.0000,0.000000,0.000000,0.0000
144,COUNT_UP,0.004855,1.004867,293.64,0.000000000,0.000000000,0.0000,0.000000,0.0000,0.0000,0.0000,0.0000,0.000000,0.000000,0.0000
145,COUNT_UP,0.004748,1.004759,293.65,0.000000000,0.000000000,0.0000,0.000000,0.0000,0.0000,0.0000,0.0000,0.000000,0.000000,0.0000
146,COUNT_UP,0.004833,1.004845,293.64,0.000000000,0.000000000,0.0000,0.000000,0.0000,0.0000,0.0000,0.0000,0.000000,0.000000,0.0000
147,COUNT_UP,0.004647,1.004658,293.65,0.000000000,0.000000000,0.0000,0.000000,0.0000,0.0000,0.0000,0.0000,0.000000,0.000000,0.0000
148,COUNT_UP,0.004680,1.004691,293.64,0.000000000,0.000000000,0.0000,0.000000,0.0000,0.0000,0.0000,0.0000,0.000000,0.000000,0.0000
149,COUNT_UP,0.005469,1.005484,293.65,0.000000000,0.000000000,0.0000,0.000000,0.0000,0.0000,0.0000,0.0000,0.000000,0.000000,0.0000
150,COUNT_UP,0.005146,1.005159,293.64,0.000000000,0.000000000,0.0000,0.000000,0.0000,0.0000,0.0000,0.0000,0.000000,0.000000,0.0000
151,COUNT_UP,0.004539,1.004549,293.65,0.000000000,0.000000000,0.0000,0.000000,0.0000,0.0000,0.0000,0.0000,0.000000,0.000000,0.0000
152,COUNT_UP,0.004485,1.004495,293.64,0.000000000,0.000000000,0.0000,0.000000,0.0000,0.0000,0.0000,0.0000,0.000000,0.000000,0.0000
153,COUNT_UP,0.004920,1.004932,293.65,0.000000000,0.000000000,0.0000,0.000000,0.0000,0.0000,0.0000,0.0000,0.000000,0.000000,0.0000
154,COUNT_UP,0.005038,1.005051,293.64,0.000000000,0.000000000,0.0000,0.000000,0.0000,0.0000,0.0000,0.0000,0.000000,0.000000,0.0000
155,COUNT_UP,0.005399,1.005413,293.65,0.000000000,0.000000000,0.0000,0.000000,0.0000,0.0000,0.0000,0.0000,0.000000,0.000000,0.0000
156,COUNT_UP,0.004474,1.004484,293.64,0.000000000,0.000000000,0.0000,0.000000,0.0000,0.0000,0.0000,0.0000,0.000000,0.000000,0.0000
157,COUNT_UP,0.004394,1.004403,293.65,0.000000000,0.000000000,0.0000,0.000000,0.0000,0.0000,0.0000,0.0000,0.000000,0.000000,0.0000
158,COUNT_UP,0.004311,1.004320,293.64,0.000000000,0.000000000,0.0000,0.000000,0.0000,0.0000,0.0000,0.0000,0.000000,0.000000,0.0000
159,COUNT_UP,0.004196,1.004205,293.65,0.000000000,0.000000000,0.0000,0.000000,0.0000,0.0000,0.0000,0.0000,0.000000,0.000000,0.0000
160,COUNT_UP,0.004254,1.004263,293.64,0.000000000,0.000000000,0.0000,0.000000,0.0000,0.0000,0.0000,0.0000,0.000000,0.000000,0.0000
161,COUNT_UP,0.003920,1.003928,293.65,0.000000000,0.000000000,0.0000,0.000000,0.0000,0.0000,0.0000,0.0000,0.000000,0.000000,0.0000
162,COUNT_UP,0.004393,1.004403,293.64,0.000000000,0.000000000,0.0000,0.000000,0.0000,0.0000,0.0000,0.0000,0.000000,0.000000,0.0000
163,COUNT_UP,0.003931,1.003938,293.65,0.000000000,0.000000000,0.0000,0.000000,0.0000,0.0000,0.0000,0.0000,0.000000,0.000000,0.0000
164,COUNT_UP,0.004074,1.004082,293.64,0.000000000,0.000000000,0.0000,0.000000,0.0000,0.0000,0.0000,0.0000,0.000000,0.000000,0.0000
165,COUNT_UP,0.003976,1.003984,293.65,0.000000000,0.000000000,0.0000,0.000000,0.0000,0.0000,0.0000,0.0000,0.000000,0.000000,0.0000
166,COUNT_UP,0.003863,1.003870,293.64,0.000000000,0.000000000,0.0000,0.000000,0.0000,0.0000,0.0000,0.0000,0.000000,0.000000,0.0000
167,COUNT_UP,0.004717,1.004728,293.65,0.000000000,0.000000000,0.0000,0.000000,0.0000,0.0000,0.0000,0.0000,0.000000,0.000000,0.0000
168,COUNT_UP,0.003896,1.003904,293.64,0.000000000,0.000000000,0.0000,0.000000,0.0000,0.0000,0.0000,0.0000,0.000000,0.000000,0.0000
169,COUNT_UP,0.004473,1.004483,293.65,0.000000000,0.000000000,0.0000,0.000000,0.0000,0.0000,0.0000,0.0000,0.000000,0.000000,0.0000
170,COUNT_UP,0.003665,1.003672,293.64,0.000000000,0.000000000,0.0000,0.000000,0.0000,0.0000,0.0000,0.0000,0.000000,0.000000,0.0000
171,COUNT_UP,0.003674,1.003680,293.65,0.000000000,0.000000000,0.0000,0.000000,0.0000,0.0000,0.0000,0.0000,0.000000,0.000000,0.0000
172,COUNT_UP,0.003906,1.003913,293.64,0.000000000,0.000000000,0.0000,0.000000,0.0000,0.0000,0.0000,0.0000,0.000000,0.000000,0.0000
173,COUNT_UP,0.003693,1.003700,293.65,0.000000000,0.000000000,0.0000,0.000000,0.0000,0.0000,0.0000,0.0000,0.000000,0.000000,0.0000
174,COUNT_UP,0.003562,1.003568,293.64,0.000000000,0.000000000,0.0000,0.000000,0.0000,0.0000,0.0000,0.0000,0.000000,0.000000,0.0000
175,COUNT_UP,0.003711,1.003718,293.65,0.000000000,0.000000000,0.0000,0.000000,0.0000,0.0000,0.0000,0.0000,0.000000,0.000000,0.0000
176,COUNT_UP,0.003507,1.003513,293.64,0.000000000,0.000000000,0.0000,0.000000,0.0000,0.0000,0.0000,0.0000,0.000000,0.000000,0.0000
177,COUNT_UP,0.003923,1.003930,293.65,0.000000000,0.000000000,0.0000,0.000000,0.0000,0.0000,0.0000,0.0000,0.000000,0.000000,0.0000
178,COUNT_UP,0.003468,1.003474,293.64,0.000000000,0.000000000,0.0000,0.000000,0.0000,0.0000,0.0000,0.0000,0.000000,0.000000,0.0000
179,COUNT_UP,0.003535,1.003541,293.65,0.000000000,0.000000000,0.0000,0.000000,0.0000,0.0000,0.0000,0.0000,0.000000,0.000000,0.0000
180,COUNT_UP,0.003491,1.003497,293.64,0.000000000,0.000000000,0.0000,0.000000,0.0000,0.0000,0.0000,0.0000,0.000000,0.000000,0.0000
181,COUNT_UP,0.003772,1.003779,293.65,0.000000000,0.000000000,0.0000,0.000000,0.0000,0.0000,0.0000,0.0000,0.000000,0.000000,0.0000
182,COUNT_UP,0.003550,1.003556,293.64,0.000000000,0.000000000,0.0000,0.000000,0.0000,0.0000,0.0000,0.0000,0.000000,0.000000,0.0000
183,COUNT_UP,0.003875,1.003883,293.65,0.000000000,0.000000000,0.0000,0.000000,0.0000,0.0000,0.0000,0.0000,0.000000,0.000000,0.0000
184,COUNT_UP,0.003306,1.003311,293.64,0.000000000,0.000000000,0.0000,0.000000,0.0000,0.0000,0.0000,0.0000,0.000000,0.000000,0.0000
185,COUNT_UP,0.003298,1.003303,293.65,0.000000000,0.000000000,0.0000,0.000000,0.0000,0.0000,0.0000,0.0000,0.000000,0.000000,0.0000
186,COUNT_UP,0.003384,1.003390,293.64,0.000000000,0.000000000,0.0000,0.000000,0.0000,0.0000,0.0000,0.0000,0.000000,0.000000,0.0000
187,COUNT_UP,0.003156,1.003161,293.65,0.000000000,0.000000000,0.0000,0.000000,0.0000,0.0000,0.0000,0.0000,0.000000,0.000000,0.0000
188,COUNT_UP,0.003313,1.003319,293.64,0.000000000,0.000000000,0.0000,0.000000,0.0000,0.0000,0.0000,0.0000,0.000000,0.000000,0.0000
189,COUNT_UP,0.003315,1.003320,293.65,0.000000000,0.000000000,0.0000,0.000000,0.0000,0.0000,0.0000,0.0000,0.000000,0.000000,0.0000
190,COUNT_UP,0.003317,1.003323,293.64,0.000000000,0.000000000,0.0000,0.000000,0.0000,0.0000,0.0000,0.0000,0.000000,0.000000,0.0000
191,COUNT_UP,0.003281,1.003286,293.65,0.000000000,0.000000000,0.0000,0.000000,0.0000,0.0000,0.0000,0.0000,0.000000,0.000000,0.0000
192,COUNT_UP,0.003297,1.003302,293.64,0.000000000,0.000000000,0.0000,0.000000,0.0000,0.0000,0.0000,0.0000,0.000000,0.000000,0.0000
193,COUNT_UP,0.003430,1.003436,293.65,0.000000000,0.000000000,0.0000,0.000000,0.0000,0.0000,0.0000,0.0000,0.000000,0.000000,0.0000
194,COUNT_UP,0.003181,1.003186,293.64,0.000000000,0.000000000,0.0000,0.000000,0.0000,0.0000,0.0000,0.0000,0.000000,0.000000,0.0000
195,COUNT_UP,0.003237,1.003243,293.65,0.000000000,0.000000000,0.0000,0.000000,0.0000,0.0000,0.0000,0.0000,0.000000,0.000000,0.0000
196,COUNT_UP,0.003097,1.003102,293.64,0.000000000,0.000000000,0.0000,0.000000,0.0000,0.0000,0.0000,0.0000,0.000000,0.000000,0.0000
197,COUNT_UP,0.003023,1.003027,293.65,0.000000000,0.000000000,0.0000,0.000000,0.0000,0.0000,0.0000,0.0000,0.000000,0.000000,0.0000
198,COUNT_UP,0.003476,1.003482,293.64,0.000000000,0.000000000,0.0000,0.000000,0.0000,0.0000,0.0000,0.0000,0.000000,0.000000,0.0000
199,COUNT_UP,0.002925,1.002929,293.65,0.000000000,0.000000000,0.0000,0.000000,0.0000,0.0000,0.0000,0.0000,0.000000,0.000000,0.0000
200,COUNT_UP,0.002872,1.002876,293.64,0.000000000,0.000000000,0.0000,0.000000,0.0000,0.0000,0.0000,0.0000,0.000000,0.000000,0.0000
201,COUNT_UP,0.002908,1.002912,293.65,0.000000000,0.000000000,0.0000,0.000000,0.0000,0.0000,0.0000,0.0000,0.000000,0.000000,0.0000
202,COUNT_UP,0.002940,1.002944,293.64,0.000000000,0.000000000,0.0000,0.000000,0.0000,0.0000,0.0000,0.0000,0.000000,0.000000,0.0000
203,COUNT_UP,0.003217,1.003222,293.65,0.000000000,0.000000000,0.0000,0.000000,0.0000,0.0000,0.0000,0.0000,0.000000,0.000000,0.0000
204,COUNT_UP,0.003051,1.003055,293.64,0.000000000,0.000000000,0.0000,0.000000,0.0000,0.0000,0.0000,0.0000,0.000000,0.000000,0.0000
205,COUNT_UP,0.003094,1.003099,293.65,0.000000000,0.000000000,0.0000,0.000000,0.0000,0.0000,0.0000,0.0000,0.000000,0.000000,0.0000
206,COUNT_UP,0.002955,1.002959,293.64,0.000000000,0.000000000,0.0000,0.000000,0.0000,0.0000,0.0000,0.0000,0.000000,0.000000,0.0000
207,COUNT_UP,0.002781,1.002785,293.65,0.000000000,0.000000000,0.0000,0.000000,0.0000,0.0000,0.0000,0.0000,0.000000,0.000000,0.0000
208,COUNT_UP,0.002874,1.002878,293.64,0.000000000,0.000000000,0.0000,0.000000,0.0000,0.0000,0.0000,0.0000,0.000000,0.000000,0.0000
209,COUNT_UP,0.002804,1.002808,293.65,0.000000000,0.000000000,0.0000,0.000000,0.0000,0.0000,0.0000,0.0000,0.000000,0.000000,0.0000
210,COUNT_UP,0.002790,1.002794,293.64,0.000000000,0.000000000,0.0000,0.000000,0.0000,0.0000,0.0000,0.0000,0.000000,0.000000,0.0000
211,COUNT_UP,0.002925,1.002929,293.65,0.000000000,0.000000000,0.0000,0.000000,0.0000,0.0000,0.0000,0.0000,0.000000,0.000000,0.0000
212,COUNT_UP,0.002798,1.002802,293.64,0.000000000,0.000000000,0.0000,0.000000,0.0000,0.0000,0.0000,0.0000,0.000000,0.000000,0.0000
213,COUNT_UP,0.002801,1.002805,293.65,0.000000000,0.000000000,0.0000,0.000000,0.0000,0.0000,0.0000,0.0000,0.000000,0.000000,0.0000
214,COUNT_UP,0.003009,1.003014,293.64,0.000000000,0.000000000,0.0000,0.000000,0.0000,0.0000,0.0000,0.0000,0.000000,0.000000,0.0000
215,COUNT_UP,0.002832,1.002836,293.65,0.000000000,0.000000000,0.0000,0.000000,0.0000,0.0000,0.0000,0.0000,0.000000,0.000000,0.0000
216,COUNT_UP,0.002848,1.002852,293.64,0.000000000,0.000000000,0.0000,0.000000,0.0000,0.0000,0.0000,0.0000,0.000000,0.000000,0.0000
217,COUNT_UP,0.002686,1.002690,293.65,0.000000000,0.000000000,0.0000,0.000000,0.0000,0.0000,0.0000,0.0000,0.000000,0.000000,0.0000
218,COUNT_UP,0.003116,1.003120,293.64,0.000000000,0.000000000,0.0000,0.000000,0.0000,0.0000,0.0000,0.0000,0.000000,0.000000,0.0000
219,COUNT_UP,0.002815,1.002819,293.65,0.000000000,0.000000000,0.0000,0.000000,0.0000,0.0000,0.0000,0.0000,0.000000,0.000000,0.0000
220,COUNT_UP,0.002894,1.002898,293.64,0.000000000,0.000000000,0.0000,0.000000,0.0000,0.0000,0.0000,0.0000,0.000000,0.000000,0.0000
221,COUNT_UP,0.002567,1.002570,293.65,0.000000000,0.000000000,0.0000,0.000000,0.0000,0.0000,0.0000,0.0000,0.000000,0.000000,0.0000
222,COUNT_UP,0.002575,1.002579,293.64,0.000000000,0.000000000,0.0000,0.000000,0.0000,0.0000,0.0000,0.0000,0.000000,0.000000,0.0000
223,COUNT_UP,0.002495,1.002499,293.65,0.000000000,0.000000000,0.0000,0.000000,0.0000,0.0000,0.0000,0.0000,0.000000,0.000000,0.0000
224,COUNT_UP,0.002527,1.002530,293.64,0.000000000,0.000000000,0.0000,0.000000,0.0000,0.0000,0.0000,0.0000,0.000000,0.000000,0.0000
225,COUNT_UP,0.002514,1.002517,293.65,0.000000000,0.000000000,0.0000,0.000000,0.0000,0.0000,0.0000,0.0000,0.000000,0.000000,0.0000
226,COUNT_UP,0.002647,1.002651,293.64,0.000000000,0.000000000,0.0000,0.000000,0.0000,0.0000,0.0000,0.0000,0.000000,0.000000,0.0000
227,COUNT_UP,0.002436,1.002439,293.65,0.000000000,0.000000000,0.0000,0.000000,0.0000,0.0000,0.0000,0.0000,0.000000,0.000000,0.0000
228,COUNT_UP,0.002799,1.002803,293.64,0.000000000,0.000000000,0.0000,0.000000,0.0000,0.0000,0.0000,0.0000,0.000000,0.000000,0.0000
229,COUNT_UP,0.002966,1.002970,293.65,0.000000000,0.000000000,0.0000,0.000000,0.0000,0.0000,0.0000,0.0000,0.000000,0.000000,0.0000
230,COUNT_UP,0.002408,1.002411,293.64,0.000000000,0.000000000,0.0000,0.000000,0.0000,0.0000,0.0000,0.0000,0.000000,0.000000,0.0000
231,COUNT_UP,0.002429,1.002432,293.65,0.000000000,0.000000000,0.0000,0.000000,0.0000,0.0000,0.0000,0.0000,0.000000,0.000000,0.0000
232,COUNT_UP,0.002431,1.002434,293.64,0.000000000,0.000000000,0.0000,0.000000,0.0000,0.0000,0.0000,0.0000,0.000000,0.000000,0.0000
233,COUNT_UP,0.002407,1.002410,293.65,0.000000000,0.000000000,0.0000,0.000000,0.0000,0.0000,0.0000,0.0000,0.000000,0.000000,0.0000
234,COUNT_UP,0.002504,1.002507,293.64,0.000000000,0.000000000,0.0000,0.000000,0.0000,0.0000,0.0000,0.0000,0.000000,0.000000,0.0000
235,COUNT_UP,0.002469,1.002472,293.65,0.000000000,0.000000000,0.0000,0.000000,0.0000,0.0000,0.0000,0.0000,0.000000,0.000000,0.0000
236,COUNT_UP,0.002299,1.002301,293.64,0.000000000,0.000000000,0.0000,0.000000,0.0000,0.0000,0.0000,0.0000,0.000000,0.000000,0.0000
237,COUNT_UP,0.002316,1.002319,293.65,0.000000000,0.000000000,0.0000,0.000000,0.0000,0.0000,0.0000,0.0000,0.000000,0.000000,0.0000
238,COUNT_UP,0.002416,1.002419,293.64,0.000000000,0.000000000,0.0000,0.000000,0.0000,0.0000,0.0000,0.0000,0.000000,0.000000,0.0000
239,COUNT_UP,0.002276,1.002279,293.65,0.000000000,0.000000000,0.0000,0.000000,0.0000,0.0000,0.0000,0.0000,0.000000,0.000000,0.0000
240,COUNT_UP,0.002484,1.002488,293.64,0.000000000,0.000000000,0.0000,0.000000,0.0000,0.0000,0.0000,0.0000,0.000000,0.000000,0.0000
241,COUNT_UP,0.002268,1.002270,293.65,0.000000000,0.000000000,0.0000,0.000000,0.0000,0.0000,0.0000,0.0000,0.000000,0.000000,0.0000
242,COUNT_UP,0.002397,1.002400,293.64,0.000000000,0.000000000,0.0000,0.000000,0.0000,0.0000,0.0000,0.0000,0.000000,0.000000,0.0000
243,COUNT_UP,0.002211,1.002214,293.65,0.000000000,0.000000000,0.0000,0.000000,0.0000,0.0000,0.0000,0.0000,0.000000,0.000000,0.0000
244,COUNT_UP,0.002338,1.002341,293.64,0.000000000,0.000000000,0.0000,0.000000,0.0000,0.0000,0.0000,0.0000,0.000000,0.000000,0.0000
245,COUNT_UP,0.002362,1.002365,293.65,0.000000000,0.000000000,0.0000,0.000000,0.0000,0.0000,0.0000,0.0000,0.000000,0.000000,0.0000
246,COUNT_UP,0.002314,1.002316,293.64,0.000000000,0.000000000,0.0000,0.000000,0.0000,0.0000,0.0000,0.0000,0.000000,0.000000,0.0000
247,COUNT_UP,0.002240,1.002243,293.65,0.000000000,0.000000000,0.0000,0.000000,0.0000,0.0000,0.0000,0.0000,0.000000,0.000000,0.0000
248,COUNT_UP,0.002244,1.002247,293.64,0.000000000,0.000000000,0.0000,0.000000,0.0000,0.0000,0.0000,0.0000,0.000000,0.000000,0.0000
249,COUNT_UP,0.002210,1.002213,293.65,0.000000000,0.000000000,0.0000,0.000000,0.0000,0.0000,0.0000,0.0000,0.000000,0.000000,0.0000
250,COUNT_UP,0.002129,1.002131,293.64,0.000000000,0.000000000,0.0000,0.000000,0.0000,0.0000,0.0000,0.0000,0.000000,0.000000,0.0000
251,COUNT_UP,0.002335,1.002337,293.65,0.000000000,0.000000000,0.0000,0.000000,0.0000,0.0000,0.0000,0.0000,0.000000,0.000000,0.0000
252,COUNT_UP,0.002088,1.002091,293.64,0.000000000,0.000000000,0.0000,0.000000,0.0000,0.0000,0.0000,0.0000,0.000000,0.000000,0.0000
253,COUNT_UP,0.002253,1.002255,293.65,0.000000000,0.000000000,0.0000,0.000000,0.0000,0.0000,0.0000,0.0000,0.000000,0.000000,0.0000
254,COUNT_UP,0.002173,1.002176,293.64,0.000000000,0.000000000,0.0000,0.000000,0.0000,0.0000,0.0000,0.0000,0.000000,0.000000,0.0000
255,COUNT_UP,0.002092,1.002095,293.65,0.000000000,0.000000000,0.0000,0.000000,0.0000,0.0000,0.0000,0.0000,0.000000,0.000000,0.0000
256,COUNT_UP,0.002346,1.002349,293.64,0.000000000,0.000000000,0.0000,0.000000,0.0000,0.0000,0.0000,0.0000,0.000000,0.000000,0.0000
257,COUNT_UP,0.002017,1.002019,293.65,0.000000000,0.000000000,0.0000,0.000000,0.0000,0.0000,0.0000,0.0000,0.000000,0.000000,0.0000
258,COUNT_UP,0.002286,1.002288,293.64,0.000000000,0.000000000,0.0000,0.000000,0.0000,0.0000,0.0000,0.0000,0.000000,0.000000,0.0000
259,COUNT_UP,0.002020,1.002022,293.65,0.000000000,0.000000000,0.0000,0.000000,0.0000,0.0000,0.0000,0.0000,0.000000,0.000000,0.0000
260,COUNT_UP,0.002139,1.002141,293.64,0.000000000,0.000000000,0.0000,0.000000,0.0000,0.0000,0.0000,0.0000,0.000000,0.000000,0.0000
261,COUNT_UP,0.001943,1.001945,293.65,0.000000000,0.000000000,0.0000,0.000000,0.0000,0.0000,0.0000,0.0000,0.000000,0.000000,0.0000
262,COUNT_UP,0.002014,1.002016,293.64,0.000000000,0.000000000,0.0000,0.000000,0.0000,0.0000,0.0000,0.0000,0.000000,0.000000,0.0000
263,COUNT_UP,0.002191,1.002193,293.65,0.000000000,0.000000000,0.0000,0.000000,0.0000,0.0000,0.0000,0.0000,0.000000,0.000000,0.0000
264,COUNT_UP,0.002030,1.002032,293.64,0.000000000,0.000000000,0.0000,0.000000,0.0000,0.0000,0.0000,0.0000,0.000000,0.000000,0.0000
265,COUNT_UP,0.002014,1.002016,293.65,0.000000000,0.000000000,0.0000,0.000000,0.0000,0.0000,0.0000,0.0000,0.000000,0.000000,0.0000
266,COUNT_UP,0.001927,1.001929,293.64,0.000000000,0.000000000,0.0000,0.000000,0.0000,0.0000,0.0000,0.0000,0.000000,0.000000,0.0000
267,COUNT_UP,0.001873,1.001874,293.65,0.000000000,0.000000000,0.0000,0.000000,0.0000,0.0000,0.0000,0.0000,0.000000,0.000000,0.0000
268,COUNT_UP,0.002146,1.002148,293.64,0.000000000,0.000000000,0.0000,0.000000,0.0000,0.0000,0.0000,0.0000,0.000000,0.000000,0.0000
269,COUNT_UP,0.002020,1.002022,293.65,0.000000000,0.000000000,0.0000,0.000000,0.0000,0.0000,0.0000,0.0000,0.000000,0.000000,0.0000
270,COUNT_UP,0.001894,1.001895,293.64,0.000000000,0.000000000,0.0000,0.000000,0.0000,0.0000,0.0000,0.0000,0.000000,0.000000,0.0000
271,COUNT_UP,0.001852,1.001854,293.65,0.000000000,0.000000000,0.0000,0.000000,0.0000,0.0000,0.0000,0.0000,0.000000,0.000000,0.0000
272,COUNT_UP,0.001825,1.001827,293.64,0.000000000,0.000000000,0.0000,0.000000,0.0000,0.0000,0.0000,0.0000,0.000000,0.000000,0.0000
273,COUNT_UP,0.001803,1.001805,293.65,0.000000000,0.000000000,0.0000,0.000000,0.0000,0.0000,0.0000,0.0000,0.000000,0.000000,0.0000
274,COUNT_UP,0.001849,1.001850,293.64,0.000000000,0.000000000,0.0000,0.000000,0.0000,0.0000,0.0000,0.0000,0.000000,0.000000,0.0000
275,COUNT_UP,0.001865,1.001867,293.65,0.000000000,0.000000000,0.0000,0.000000,0.0000,0.0000,0.0000,0.0000,0.000000,0.000000,0.0000
276,COUNT_UP,0.001872,1.001874,293.64,0.000000000,0.000000000,0.0000,0.000000,0.0000,0.0000,0.0000,0.0000,0.000000,0.000000,0.0000
277,COUNT_UP,0.001860,1.001861,293.65,0.000000000,0.000000000,0.0000,0.000000,0.0000,0.0000,0.0000,0.0000,0.000000,0.000000,0.0000
278,COUNT_UP,0.002069,1.002071,293.64,0.000000000,0.000000000,0.0000,0.000000,0.0000,0.0000,0.0000,0.0000,0.000000,0.000000,0.0000
279,COUNT_UP,0.001868,1.001870,293.65,0.000000000,0.000000000,0.0000,0.000000,0.0000,0.0000,0.0000,0.0000,0.000000,0.000000,0.0000
280,COUNT_UP,0.001776,1.001777,293.64,0.000000000,0.000000000,0.0000,0.000000,0.0000,0.0000,0.0000,0.0000,0.000000,0.000000,0.0000
281,COUNT_UP,0.001781,1.001783,293.65,0.000000000,0.000000000,0.0000,0.000000,0.0000,0.0000,0.0000,0.0000,0.000000,0.000000,0.0000
282,COUNT_UP,0.001801,1.001803,293.64,0.000000000,0.000000000,0.0000,0.000000,0.0000,0.0000,0.0000,0.0000,0.000000,0.000000,0.0000
283,COUNT_UP,0.001851,1.001853,293.65,0.000000000,0.000000000,0.0000,0.000000,0.0000,0.0000,0.0000,0.0000,0.000000,0.000000,0.0000
284,COUNT_UP,0.001767,1.001769,293.64,0.000000000,0.000000000,0.0000,0.000000,0.0000,0.0000,0.0000,0.0000,0.000000,0.000000,0.0000
285,COUNT_UP,0.001739,1.001741,293.65,0.000000000,0.000000000,0.0000,0.000000,0.0000,0.0000,0.0000,0.0000,0.000000,0.000000,0.0000
286,COUNT_UP,0.001743,1.001745,293.64,0.000000000,0.000000000,0.0000,0.000000,0.0000,0.0000,0.0000,0.0000,0.000000,0.000000,0.0000
287,COUNT_UP,0.001690,1.001691,293.65,0.000000000,0.000000000,0.0000,0.000000,0.0000,0.0000,0.0000,0.0000,0.000000,0.000000,0.0000
288,COUNT_UP,0.001697,1.001699,293.64,0.000000000,0.000000000,0.0000,0.000000,0.0000,0.0000,0.0000,0.0000,0.000000,0.000000,0.0000
289,COUNT_UP,0.002017,1.002019,293.65,0.000000000,0.000000000,0.0000,0.000000,0.0000,0.0000,0.0000,0.0000,0.000000,0.000000,0.0000
290,COUNT_UP,0.001966,1.001968,293.64,0.000000000,0.000000000,0.0000,0.000000,0.0000,0.0000,0.0000,0.0000,0.000000,0.000000,0.0000
291,COUNT_UP,0.001757,1.001758,293.65,0.000000000,0.000000000,0.0000,0.000000,0.0000,0.0000,0.0000,0.0000,0.000000,0.000000,0.0000
292,COUNT_UP,0.001669,1.001671,293.64,0.000000000,0.000000000,0.0000,0.000000,0.0000,0.0000,0.0000,0.0000,0.000000,0.000000,0.0000
293,COUNT_UP,0.001656,1.001657,293.65,0.000000000,0.000000000,0.0000,0.000000,0.0000,0.0000,0.0000,0.0000,0.000000,0.000000,0.0000
294,COUNT_UP,0.001677,1.001678,293.64,0.000000000,0.000000000,0.0000,0.000000,0.0000,0.0000,0.0000,0.0000,0.000000,0.000000,0.0000
295,COUNT_UP,0.001712,1.001713,293.65,0.000000000,0.000000000,0.0000,0.000000,0.0000,0.0000,0.0000,0.0000,0.000000,0.000000,0.0000
296,COUNT_UP,0.001632,1.001633,293.64,0.000000000,0.000000000,0.0000,0.000000,0.0000,0.0000,0.0000,0.0000,0.000000,0.000000,0.0000
297,COUNT_UP,0.001640,1.001641,293.65,0.000000000,0.000000000,0.0000,0.000000,0.0000,0.0000,0.0000,0.0000,0.000000,0.000000,0.0000
298,COUNT_UP,0.001728,1.001729,293.64,0.000000000,0.000000000,0.0000,0.000000,0.0000,0.0000,0.0000,0.0000,0.000000,0.000000,0.0000
299,COUNT_UP,0.001832,1.001834,293.65,0.000000000,0.000000000,0.0000,0.000000,0.0000,0.0000,0.0000,0.0000,0.000000,0.000000,0.0000
300,COUNT_UP,0.001607,1.001608,293.64,0.000000000,0.000000000,0.0000,0.000000,0.0000,0.0000,0.0000,0.0000,0.000000,0.000000,0.0000
301,COUNT_UP,0.001577,1.001578,293.65,0.000000000,0.000000000,0.0000,0.000000,0.0000,0.0000,0.0000,0.0000,0.000000,0.000000,0.0000
302,COUNT_UP,0.001801,1.001803,293.64,0.000000000,0.000000000,0.0000,0.000000,0.0000,0.0000,0.0000,0.0000,0.000000,0.000000,0.0000
303,COUNT_UP,0.001595,1.001597,293.65,0.000000000,0.000000000,0.0000,0.000000,0.0000,0.0000,0.0000,0.0000,0.000000,0.000000,0.0000
304,COUNT_UP,0.001654,1.001655,293.64,0.000000000,0.000000000,0.0000,0.000000,0.0000,0.0000,0.0000,0.0000,0.000000,0.000000,0.0000
305,COUNT_UP,0.001700,1.001701,293.65,0.000000000,0.000000000,0.0000,0.000000,0.0000,0.0000,0.0000,0.0000,0.000000,0.000000,0.0000
306,COUNT_UP,0.001659,1.001660,293.64,0.000000000,0.000000000,0.0000,0.000000,0.0000,0.0000,0.0000,0.0000,0.000000,0.000000,0.0000
307,COUNT_UP,0.001594,1.001596,293.65,0.000000000,0.000000000,0.0000,0.000000,0.0000,0.0000,0.0000,0.0000,0.000000,0.000000,0.0000
308,COUNT_UP,0.001514,1.001515,293.64,0.000000000,0.000000000,0.0000,0.000000,0.0000,0.0000,0.0000,0.0000,0.000000,0.000000,0.0000
309,COUNT_UP,0.001502,1.001503,293.65,0.000000000,0.000000000,0.0000,0.000000,0.0000,0.0000,0.0000,0.0000,0.000000,0.000000,0.0000
310,COUNT_UP,0.001719,1.001720,293.64,0.000000000,0.000000000,0.0000,0.000000,0.0000,0.0000,0.0000,0.0000,0.000000,0.000000,0.0000
311,COUNT_UP,0.001577,1.001579,293.65,0.000000000,0.000000000,0.0000,0.000000,0.0000,0.0000,0.0000,0.0000,0.000000,0.000000,0.0000
312,COUNT_UP,0.001642,1.001644,293.64,0.000000000,0.000000000,0.0000,0.000000,0.0000,0.0000,0.0000,0.0000,0.000000,0.000000,0.0000
313,COUNT_UP,0.001688,1.001689,293.65,0.000000000,0.000000000,0.0000,0.000000,0.0000,0.0000,0.0000,0.0000,0.000000,0.000000,0.0000
314,COUNT_UP,0.001646,1.001648,293.64,0.000000000,0.000000000,0.0000,0.000000,0.0000,0.0000,0.0000,0.0000,0.000000,0.000000,0.0000
315,COUNT_UP,0.001500,1.001501,293.65,0.000000000,0.000000000,0.0000,0.000000,0.0000,0.0000,0.0000,0.0000,0.000000,0.000000,0.0000
316,COUNT_UP,0.001622,1.001623,293.64,0.000000000,0.000000000,0.0000,0.000000,0.0000,0.0000,0.0000,0.0000,0.000000,0.000000,0.0000
317,COUNT_UP,0.001559,1.001561,293.65,0.000000000,0.000000000,0.0000,0.000000,0.0000,0.0000,0.0000,0.0000,0.000000,0.000000,0.0000
318,COUNT_UP,0.001554,1.001555,293.64,0.000000000,0.000000000,0.0000,0.000000,0.0000,0.0000,0.0000,0.0000,0.000000,0.000000,0.0000
319,COUNT_UP,0.001509,1.001511,293.65,0.000000000,0.000000000,0.0000,0.000000,0.0000,0.0000,0.0000,0.0000,0.000000,0.000000,0.0000
320,COUNT_UP,0.001579,1.001581,293.64,0.000000000,0.000000000,0.0000,0.000000,0.0000,0.0000,0.0000,0.0000,0.000000,0.000000,0.0000
321,COUNT_UP,0.001480,1.001481,293.65,0.000000000,0.000000000,0.0000,0.000000,0.0000,0.0000,0.0000,0.0000,0.000000,0.000000,0.0000
322,COUNT_UP,0.001433,1.001434,293.64,0.000000000,0.000000000,0.0000,0.000000,0.0000,0.0000,0.0000,0.0000,0.000000,0.000000,0.0000
323,COUNT_UP,0.001415,1.001416,293.65,0.000000000,0.000000000,0.0000,0.000000,0.0000,0.0000,0.0000,0.0000,0.000000,0.000000,0.0000
324,COUNT_UP,0.001414,1.001415,293.64,0.000000000,0.000000000,0.0000,0.000000,0.0000,0.0000,0.0000,0.0000,0.000000,0.000000,0.0000
325,COUNT_UP,0.001416,1.001417,293.65,0.000000000,0.000000000,0.0000,0.000000,0.0000,0.0000,0.0000,0.0000,0.000000,0.000000,0.0000
326,COUNT_UP,0.001507,1.001508,293.64,0.000000000,0.000000000,0.0000,0.000000,0.0000,0.0000,0.0000,0.0000,0.000000,0.000000,0.0000
327,COUNT_UP,0.001498,1.001499,293.65,0.000000000,0.000000000,0.0000,0.000000,0.0000,0.0000,0.0000,0.0000,0.000000,0.000000,0.0000
328,COUNT_UP,0.001406,1.001407,293.64,0.000000000,0.000000000,0.0000,0.000000,0.0000,0.0000,0.0000,0.0000,0.000000,0.000000,0.0000
329,COUNT_UP,0.001413,1.001414,293.65,0.000000000,0.000000000,0.0000,0.000000,0.0000,0.0000,0.0000,0.0000,0.000000,0.000000,0.0000
330,COUNT_UP,0.001646,1.001648,293.64,0.000000000,0.000000000,0.0000,0.000000,0.0000,0.0000,0.0000,0.0000,0.000000,0.000000,0.0000
331,COUNT_UP,0.001611,1.001612,293.65,0.000000000,0.000000000,0.0000,0.000000,0.0000,0.0000,0.0000,0.0000,0.000000,0.000000,0.0000
332,COUNT_UP,0.001474,1.001475,293.64,0.000000000,0.000000000,0.0000,0.000000,0.0000,0.0000,0.0000,0.0000,0.000000,0.000000,0.0000
333,COUNT_UP,0.001474,1.001475,293.65,0.000000000,0.000000000,0.0000,0.000000,0.0000,0.0000,0.0000,0.0000,0.000000,0.000000,0.0000
334,COUNT_UP,0.001400,1.001401,293.64,0.000000000,0.000000000,0.0000,0.000000,0.0000,0.0000,0.0000,0.0000,0.000000,0.000000,0.0000
335,COUNT_UP,0.001346,1.001347,293.65,0.000000000,0.000000000,0.0000,0.000000,0.0000,0.0000,0.0000,0.0000,0.000000,0.000000,0.0000
336,COUNT_UP,0.001451,1.001452,293.64,0.000000000,0.000000000,0.0000,0.000000,0.0000,0.0000,0.0000,0.0000,0.000000,0.000000,0.0000
337,COUNT_UP,0.001470,1.001471,293.65,0.000000000,0.000000000,0.0000,0.000000,0.0000,0.0000,0.0000,0.0000,0.000000,0.000000,0.0000
338,COUNT_UP,0.001344,1.001345,293.64,0.000000000,0.000000000,0.0000,0.000000,0.0000,0.0000,0.0000,0.0000,0.000000,0.000000,0.0000
339,COUNT_UP,0.001351,1.001352,293.65,0.000000000,0.000000000,0.0000,0.000000,0.0000,0.0000,0.0000,0.0000,0.000000,0.000000,0.0000
340,COUNT_UP,0.001475,1.001476,293.64,0.000000000,0.000000000,0.0000,0.000000,0.0000,0.0000,0.0000,0.0000,0.000000,0.000000,0.0000
341,COUNT_UP,0.001377,1.001378,293.65,0.000000000,0.000000000,0.0000,0.000000,0.0000,0.0000,0.0000,0.0000,0.000000,0.000000,0.0000
342,COUNT_UP,0.001298,1.001298,293.64,0.000000000,0.000000000,0.0000,0.000000,0.0000,0.0000,0.0000,0.0000,0.000000,0.000000,0.0000
343,COUNT_UP,0.001435,1.001436,293.65,0.000000000,0.000000000,0.0000,0.000000,0.0000,0.0000,0.0000,0.0000,0.000000,0.000000,0.0000
344,COUNT_UP,0.001352,1.001352,293.64,0.000000000,0.000000000,0.0000,0.000000,0.0000,0.0000,0.0000,0.0000,0.000000,0.000000,0.0000
345,COUNT_UP,0.001502,1.001503,293.65,0.000000000,0.000000000,0.0000,0.000000,0.0000,0.0000,0.0000,0.0000,0.000000,0.000000,0.0000
346,COUNT_UP,0.001383,1.001384,293.64,0.000000000,0.000000000,0.0000,0.000000,0.0000,0.0000,0.0000,0.0000,0.000000,0.000000,0.0000
347,COUNT_UP,0.001309,1.001310,293.65,0.000000000,0.000000000,0.0000,0.000000,0.0000,0.0000,0.0000,0.0000,0.000000,0.000000,0.0000
348,COUNT_UP,0.001261,1.001262,293.64,0.000000000,0.000000000,0.0000,0.000000,0.0000,0.0000,0.0000,0.0000,0.000000,0.000000,0.0000
349,COUNT_UP,0.001276,1.001276,293.65,0.000000000,0.000000000,0.0000,0.000000,0.0000,0.0000,0.0000,0.0000,0.000000,0.000000,0.0000
350,COUNT_UP,0.001326,1.001327,293.64,0.000000000,0.000000000,0.0000,0.000000,0.0000,0.0000,0.0000,0.0000,0.000000,0.000000,0.0000
351,COUNT_UP,0.001390,1.001391,293.65,0.000000000,0.000000000,0.0000,0.000000,0.0000,0.0000,0.0000,0.0000,0.000000,0.000000,0.0000
352,COUNT_UP,0.001351,1.001352,293.64,0.000000000,0.000000000,0.0000,0.000000,0.0000,0.0000,0.0000,0.0000,0.000000,0.000000,0.0000
353,COUNT_UP,0.001312,1.001312,293.65,0.000000000,0.000000000,0.0000,0.000000,0.0000,0.0000,0.0000,0.0000,0.000000,0.000000,0.0000
354,COUNT_UP,0.001220,1.001221,293.64,0.000000000,0.000000000,0.0000,0.000000,0.0000,0.0000,0.0000,0.0000,0.000000,0.000000,0.0000
355,COUNT_UP,0.001230,1.001231,293.65,0.000000000,0.000000000,0.0000,0.000000,0.0000,0.0000,0.0000,0.0000,0.000000,0.000000,0.0000
356,COUNT_UP,0.001346,1.001347,293.64,0.000000000,0.000000000,0.0000,0.000000,0.0000,0.0000,0.0000,0.0000,0.000000,0.000000,0.0000
357,COUNT_UP,0.001323,1.001324,293.65,0.000000000,0.000000000,0.0000,0.000000,0.0000,0.0000,0.0000,0.0000,0.000000,0.000000,0.0000
358,COUNT_UP,0.001292,1.001293,293.64,0.000000000,0.000000000,0.0000,0.000000,0.0000,0.0000,0.0000,0.0000,0.000000,0.000000,0.0000
359,COUNT_UP,0.001439,1.001440,293.65,0.000000000,0.000000000,0.0000,0.000000,0.0000,0.0000,0.0000,0.0000,0.000000,0.000000,0.0000
360,COUNT_UP,0.001235,1.001236,293.64,0.000000000,0.000000000,0.0000,0.000000,0.0000,0.0000,0.0000,0.0000,0.000000,0.000000,0.0000
361,COUNT_UP,0.001214,1.001214,293.65,0.000000000,0.000000000,0.0000,0.000000,0.0000,0.0000,0.0000,0.0000,0.000000,0.000000,0.0000
362,COUNT_UP,0.001276,1.001277,293.64,0.000000000,0.000000000,0.0000,0.000000,0.0000,0.0000,0.0000,0.0000,0.000000,0.000000,0.0000
363,COUNT_UP,0.001217,1.001218,293.65,0.000000000,0.000000000,0.0000,0.000000,0.0000,0.0000,0.0000,0.0000,0.000000,0.000000,0.0000
364,COUNT_UP,0.001186,1.001187,293.64,0.000000000,0.000000000,0.0000,0.000000,0.0000,0.0000,0.0000,0.0000,0.000000,0.000000,0.0000
365,COUNT_UP,0.001194,1.001195,293.65,0.000000000,0.000000000,0.0000,0.000000,0.0000,0.0000,0.0000,0.0000,0.000000,0.000000,0.0000
366,COUNT_UP,0.001408,1.001409,293.64,0.000000000,0.000000000,0.0000,0.000000,0.0000,0.0000,0.0000,0.0000,0.000000,0.000000,0.0000
367,COUNT_UP,0.001177,1.001178,293.65,0.000000000,0.000000000,0.0000,0.000000,0.0000,0.0000,0.0000,0.0000,0.000000,0.000000,0.0000
368,COUNT_UP,0.001159,1.001159,293.64,0.000000000,0.000000000,0.0000,0.000000,0.0000,0.0000,0.0000,0.0000,0.000000,0.000000,0.0000
369,COUNT_UP,0.001173,1.001174,293.65,0.000000000,0.000000000,0.0000,0.000000,0.0000,0.0000,0.0000,0.0000,0.000000,0.000000,0.0000
370,COUNT_UP,0.001163,1.001164,293.64,0.000000000,0.000000000,0.0000,0.000000,0.0000,0.0000,0.0000,0.0000,0.000000,0.000000,0.0000
371,COUNT_UP,0.001141,1.001142,293.65,0.000000000,0.000000000,0.0000,0.000000,0.0000,0.0000,0.0000,0.0000,0.000000,0.000000,0.0000
372,COUNT_UP,0.001177,1.001178,293.64,0.000000000,0.000000000,0.0000,0.000000,0.0000,0.0000,0.0000,0.0000,0.000000,0.000000,0.0000
373,COUNT_UP,0.001190,1.001190,293.65,0.000000000,0.000000000,0.0000,0.000000,0.0000,0.0000,0.0000,0.0000,0.000000,0.000000,0.0000
374,COUNT_UP,0.001165,1.001166,293.64,0.000000000,0.000000000,0.0000,0.000000,0.0000,0.0000,0.0000,0.0000,0.000000,0.000000,0.0000
375,COUNT_UP,0.001255,1.001256,293.65,0.000000000,0.000000000,0.0000,0.000000,0.0000,0.0000,0.0000,0.0000,0.000000,0.000000,0.0000
376,COUNT_UP,0.001137,1.001137,293.64,0.000000000,0.000000000,0.0000,0.000000,0.0000,0.0000,0.0000,0.0000,0.000000,0.000000,0.0000
377,COUNT_UP,0.001096,1.001097,293.65,0.000000000,0.000000000,0.0000,0.000000,0.0000,0.0000,0.0000,0.0000,0.000000,0.000000,0.0000
378,COUNT_UP,0.001199,1.001200,293.64,0.000000000,0.000000000,0.0000,0.000000,0.0000,0.0000,0.0000,0.0000,0.000000,0.000000,0.0000
379,COUNT_UP,0.001130,1.001130,293.65,0.000000000,0.000000000,0.0000,0.000000,0.0000,0.0000,0.0000,0.0000,0.000000,0.000000,0.0000
380,COUNT_UP,0.001113,1.001114,293.64,0.000000000,0.000000000,0.0000,0.000000,0.0000,0.0000,0.0000,0.0000,0.000000,0.000000,0.0000
381,COUNT_UP,0.001143,1.001143,293.65,0.000000000,0.000000000,0.0000,0.000000,0.0000,0.0000,0.0000,0.0000,0.000000,0.000000,0.0000
382,COUNT_UP,0.001163,1.001164,293.64,0.000000000,0.000000000,0.0000,0.000000,0.0000,0.0000,0.0000,0.0000,0.000000,0.000000,0.0000
383,COUNT_UP,0.001198,1.001198,293.65,0.000000000,0.000000000,0.0000,0.000000,0.0000,0.0000,0.0000,0.0000,0.000000,0.000000,0.0000
384,COUNT_UP,0.001094,1.001095,293.64,0.000000000,0.000000000,0.0000,0.000000,0.0000,0.0000,0.0000,0.0000,0.000000,0.000000,0.0000
385,COUNT_UP,0.001080,1.001080,293.65,0.000000000,0.000000000,0.0000,0.000000,0.0000,0.0000,0.0000,0.0000,0.000000,0.000000,0.0000
386,COUNT_UP,0.001274,1.001274,293.64,0.000000000,0.000000000,0.0000,0.000000,0.0000,0.0000,0.0000,0.0000,0.000000,0.000000,0.0000
387,COUNT_UP,0.001179,1.001180,293.65,0.000000000,0.000000000,0.0000,0.000000,0.0000,0.0000,0.0000,0.0000,0.000000,0.000000,0.0000
388,COUNT_UP,0.001053,1.001053,293.64,0.000000000,0.000000000,0.0000,0.000000,0.0000,0.0000,0.0000,0.0000,0.000000,0.000000,0.0000
389,COUNT_UP,0.001159,1.001160,293.65,0.000000000,0.000000000,0.0000,0.000000,0.0000,0.0000,0.0000,0.0000,0.000000,0.000000,0.0000
390,COUNT_UP,0.001053,1.001054,293.64,0.000000000,0.000000000,0.0000,0.000000,0.0000,0.0000,0.0000,0.0000,0.000000,0.000000,0.0000
391,COUNT_UP,0.001084,1.001085,293.65,0.000000000,0.000000000,0.0000,0.000000,0.0000,0.0000,0.0000,0.0000,0.000000,0.000000,0.0000
392,COUNT_UP,0.001100,1.001101,293.64,0.000000000,0.000000000,0.0000,0.000000,0.0000,0.0000,0.0000,0.0000,0.000000,0.000000,0.0000
393,COUNT_UP,0.001098,1.001099,293.65,0.000000000,0.000000000,0.0000,0.000000,0.0000,0.0000,0.0000,0.0000,0.000000,0.000000,0.0000
394,COUNT_UP,0.001054,1.001055,293.64,0.000000000,0.000000000,0.0000,0.000000,0.0000,0.0000,0.0000,0.0000,0.000000,0.000000,0.0000
395,COUNT_UP,0.001054,1.001055,293.65,0.000000000,0.000000000,0.0000,0.000000,0.0000,0.0000,0.0000,0.0000,0.000000,0.000000,0.0000
396,COUNT_UP,0.001079,1.001080,293.64,0.000000000,0.000000000,0.0000,0.000000,0.0000,0.0000,0.0000,0.0000,0.000000,0.000000,0.0000
397,COUNT_UP,0.001069,1.001069,293.65,0.000000000,0.000000000,0.0000,0.000000,0.0000,0.0000,0.0000,0.0000,0.000000,0.000000,0.0000
398,COUNT_UP,0.001142,1.001143,293.64,0.000000000,0.000000000,0.0000,0.000000,0.0000,0.0000,0.0000,0.0000,0.000000,0.000000,0.0000
399,COUNT_UP,0.001054,1.001054,293.65,0.000000000,0.000000000,0.0000,0.000000,0.0000,0.0000,0.0000,0.0000,0.000000,0.000000,0.0000
400,COUNT_UP,0.001025,1.001026,293.64,0.000000000,0.000000000,0.0000,0.000000,0.0000,0.0000,0.0000,0.0000,0.000000,0.000000,0.0000
401,COUNT_UP,0.001044,1.001045,293.65,0.000000000,0.000000000,0.0000,0.000000,0.0000,0.0000,0.0000,0.0000,0.000000,0.000000,0.0000
402,COUNT_UP,0.000993,1.000994,293.64,0.000000000,0.000000000,0.0000,0.000000,0.0000,0.0000,0.0000,0.0000,0.000000,0.000000,0.0000
403,COUNT_UP,0.001061,1.001061,293.65,0.000000000,0.000000000,0.0000,0.000000,0.0000,0.0000,0.0000,0.0000,0.000000,0.000000,0.0000
404,COUNT_UP,0.001085,1.001086,293.64,0.000000000,0.000000000,0.0000,0.000000,0.0000,0.0000,0.0000,0.0000,0.000000,0.000000,0.0000
405,COUNT_UP,0.000990,1.000990,293.65,0.000000000,0.000000000,0.0000,0.000000,0.0000,0.0000,0.0000,0.0000,0.000000,0.000000,0.0000
406,COUNT_UP,0.001037,1.001038,293.64,0.000000000,0.000000000,0.0000,0.000000,0.0000,0.0000,0.0000,0.0000,0.000000,0.000000,0.0000
407,COUNT_UP,0.001054,1.001054,293.65,0.000000000,0.000000000,0.0000,0.000000,0.0000,0.0000,0.0000,0.0000,0.000000,0.000000,0.0000
408,COUNT_UP,0.001026,1.001027,293.64,0.000000000,0.000000000,0.0000,0.000000,0.0000,0.0000,0.0000,0.0000,0.000000,0.000000,0.0000
409,COUNT_UP,0.001003,1.001003,293.65,0.000000000,0.000000000,0.0000,0.000000,0.0000,0.0000,0.0000,0.0000,0.000000,0.000000,0.0000
410,COUNT_UP,0.000990,1.000990,293.64,0.000000000,0.000000000,0.0000,0.000000,0.0000,0.0000,0.0000,0.0000,0.000000,0.000000,0.0000
411,COUNT_UP,0.000996,1.000996,293.65,0.000000000,0.000000000,0.0000,0.000000,0.0000,0.0000,0.0000,0.0000,0.000000,0.000000,0.0000
412,COUNT_UP,0.001068,1.001069,293.64,0.000000000,0.000000000,0.0000,0.000000,0.0000,0.0000,0.0000,0.0000,0.000000,0.000000,0.0000
413,COUNT_UP,0.000967,1.000967,293.65,0.000000000,0.000000000,0.0000,0.000000,0.0000,0.0000,0.0000,0.0000,0.000000,0.000000,0.0000
414,COUNT_UP,0.000996,1.000996,293.64,0.000000000,0.000000000,0.0000,0.000000,0.0000,0.0000,0.0000,0.0000,0.000000,0.000000,0.0000
415,COUNT_UP,0.001032,1.001032,293.65,0.000000000,0.000000000,0.0000,0.000000,0.0000,0.0000,0.0000,0.0000,0.000000,0.000000,0.0000
416,COUNT_UP,0.000949,1.000949,293.64,0.000000000,0.000000000,0.0000,0.000000,0.0000,0.0000,0.0000,0.0000,0.000000,0.000000,0.0000
417,COUNT_UP,0.000950,1.000950,293.65,0.000000000,0.000000000,0.0000,0.000000,0.0000,0.0000,0.0000,0.0000,0.000000,0.000000,0.0000
418,COUNT_UP,0.000907,1.000908,293.64,0.000000000,0.000000000,0.0000,0.000000,0.0000,0.0000,0.0000,0.0000,0.000000,0.000000,0.0000
419,COUNT_UP,0.001005,1.001006,293.65,0.000000000,0.000000000,0.0000,0.000000,0.0000,0.0000,0.0000,0.0000,0.000000,0.000000,0.0000
420,COUNT_UP,0.000924,1.000925,293.64,0.000000000,0.000000000,0.0000,0.000000,0.0000,0.0000,0.0000,0.0000,0.000000,0.000000,0.0000
421,COUNT_UP,0.000923,1.000923,293.65,0.000000000,0.000000000,0.0000,0.000000,0.0000,0.0000,0.0000,0.0000,0.000000,0.000000,0.0000
422,COUNT_UP,0.000977,1.000977,293.64,0.000000000,0.000000000,0.0000,0.000000,0.0000,0.0000,0.0000,0.0000,0.000000,0.000000,0.0000
423,COUNT_UP,0.000939,1.000939,293.65,0.000000000,0.000000000,0.0000,0.000000,0.0000,0.0000,0.0000,0.0000,0.000000,0.000000,0.0000
424,COUNT_UP,0.001009,1.001010,293.64,0.000000000,0.000000000,0.0000,0.000000,0.0000,0.0000,0.0000,0.0000,0.000000,0.000000,0.0000
425,COUNT_UP,0.001067,1.001068,293.65,0.000000000,0.000000000,0.0000,0.000000,0.0000,0.0000,0.0000,0.0000,0.000000,0.000000,0.0000
426,COUNT_UP,0.000951,1.000952,293.64,0.000000000,0.000000000,0.0000,0.000000,0.0000,0.0000,0.0000,0.0000,0.000000,0.000000,0.0000
427,COUNT_UP,0.000943,1.000943,293.65,0.000000000,0.000000000,0.0000,0.000000,0.0000,0.0000,0.0000,0.0000,0.000000,0.000000,0.0000
428,COUNT_UP,0.000957,1.000958,293.64,0.000000000,0.000000000,0.0000,0.000000,0.0000,0.0000,0.0000,0.0000,0.000000,0.000000,0.0000
429,COUNT_UP,0.000925,1.000926,293.65,0.000000000,0.000000000,0.0000,0.000000,0.0000,0.0000,0.0000,0.0000,0.000000,0.000000,0.0000
430,COUNT_UP,0.000929,1.000930,293.64,0.000000000,0.000000000,0.0000,0.000000,0.0000,0.0000,0.0000,0.0000,0.000000,0.000000,0.0000
431,COUNT_UP,0.001011,1.001011,293.65,0.000000000,0.000000000,0.0000,0.000000,0.0000,0.0000,0.0000,0.0000,0.000000,0.000000,0.0000
432,COUNT_UP,0.000913,1.000913,293.64,0.000000000,0.000000000,0.0000,0.000000,0.0000,0.0000,0.0000,0.0000,0.000000,0.000000,0.0000
433,COUNT_UP,0.000918,1.000919,293.65,0.000000000,0.000000000,0.0000,0.000000,0.0000,0.0000,0.0000,0.0000,0.000000,0.000000,0.0000
434,COUNT_UP,0.000924,1.000924,293.64,0.000000000,0.000000000,0.0000,0.000000,0.0000,0.0000,0.0000,0.0000,0.000000,0.000000,0.0000
435,COUNT_UP,0.000977,1.000977,293.65,0.000000000,0.000000000,0.0000,0.000000,0.0000,0.0000,0.0000,0.0000,0.000000,0.000000,0.0000
436,COUNT_UP,0.000854,1.000854,293.64,0.000000000,0.000000000,0.0000,0.000000,0.0000,0.0000,0.0000,0.0000,0.000000,0.000000,0.0000
437,COUNT_UP,0.000923,1.000924,293.65,0.000000000,0.000000000,0.0000,0.000000,0.0000,0.0000,0.0000,0.0000,0.000000,0.000000,0.0000
438,COUNT_UP,0.000887,1.000888,293.64,0.000000000,0.000000000,0.0000,0.000000,0.0000,0.0000,0.0000,0.0000,0.000000,0.000000,0.0000
439,COUNT_UP,0.000933,1.000933,293.65,0.000000000,0.000000000,0.0000,0.000000,0.0000,0.0000,0.0000,0.0000,0.000000,0.000000,0.0000
440,COUNT_UP,0.000928,1.000928,293.64,0.000000000,0.000000000,0.0000,0.000000,0.0000,0.0000,0.0000,0.0000,0.000000,0.000000,0.0000
441,COUNT_UP,0.000882,1.000882,293.65,0.000000000,0.000000000,0.0000,0.000000,0.0000,0.0000,0.0000,0.0000,0.000000,0.000000,0.0000
442,COUNT_UP,0.000862,1.000862,293.64,0.000000000,0.000000000,0.0000,0.000000,0.0000,0.0000,0.0000,0.0000,0.000000,0.000000,0.0000
443,COUNT_UP,0.000838,1.000839,293.65,0.000000000,0.000000000,0.0000,0.000000,0.0000,0.0000,0.0000,0.0000,0.000000,0.000000,0.0000
444,COUNT_UP,0.001032,1.001032,293.64,0.000000000,0.000000000,0.0000,0.000000,0.0000,0.0000,0.0000,0.0000,0.000000,0.000000,0.0000
445,COUNT_UP,0.000837,1.000837,293.65,0.000000000,0.000000000,0.0000,0.000000,0.0000,0.0000,0.0000,0.0000,0.000000,0.000000,0.0000
446,COUNT_UP,0.000935,1.000936,293.64,0.000000000,0.000000000,0.0000,0.000000,0.0000,0.0000,0.0000,0.0000,0.000000,0.000000,0.0000
447,COUNT_UP,0.000955,1.000956,293.65,0.000000000,0.000000000,0.0000,0.000000,0.0000,0.0000,0.0000,0.0000,0.000000,0.000000,0.0000
448,COUNT_UP,0.000951,1.000951,293.64,0.000000000,0.000000000,0.0000,0.000000,0.0000,0.0000,0.0000,0.0000,0.000000,0.000000,0.0000
449,COUNT_UP,0.000849,1.000850,293.65,0.000000000,0.000000000,0.0000,0.000000,0.0000,0.0000,0.0000,0.0000,0.000000,0.000000,0.0000
450,COUNT_UP,0.000871,1.000872,293.64,0.000000000,0.000000000,0.0000,0.000000,0.0000,0.0000,0.0000,0.0000,0.000000,0.000000,0.0000
451,COUNT_UP,0.000861,1.000861,293.65,0.000000000,0.000000000,0.0000,0.000000,0.0000,0.0000,0.0000,0.0000,0.000000,0.000000,0.0000
452,COUNT_UP,0.000897,1.000897,293.64,0.000000000,0.000000000,0.0000,0.000000,0.0000,0.0000,0.0000,0.0000,0.000000,0.000000,0.0000
453,COUNT_UP,0.000827,1.000827,293.65,0.000000000,0.000000000,0.0000,0.000000,0.0000,0.0000,0.0000,0.0000,0.000000,0.000000,0.0000
454,COUNT_UP,0.000890,1.000891,293.64,0.000000000,0.000000000,0.0000,0.000000,0.0000,0.0000,0.0000,0.0000,0.000000,0.000000,0.0000
455,COUNT_UP,0.000889,1.000889,293.65,0.000000000,0.000000000,0.0000,0.000000,0.0000,0.0000,0.0000,0.0000,0.000000,0.000000,0.0000
456,COUNT_UP,0.000883,1.000883,293.64,0.000000000,0.000000000,0.0000,0.000000,0.0000,0.0000,0.0000,0.0000,0.000000,0.000000,0.0000
457,COUNT_UP,0.000979,1.000979,293.65,0.000000000,0.000000000,0.0000,0.000000,0.0000,0.0000,0.0000,0.0000,0.000000,0.000000,0.0000
458,COUNT_UP,0.000883,1.000883,293.64,0.000000000,0.000000000,0.0000,0.000000,0.0000,0.0000,0.0000,0.0000,0.000000,0.000000,0.0000
459,COUNT_UP,0.000895,1.000895,293.65,0.000000000,0.000000000,0.0000,0.000000,0.0000,0.0000,0.0000,0.0000,0.000000,0.000000,0.0000
460,COUNT_UP,0.000796,1.000796,293.64,0.000000000,0.000000000,0.0000,0.000000,0.0000,0.0000,0.0000,0.0000,0.000000,0.000000,0.0000
461,COUNT_UP,0.000795,1.000795,293.65,0.000000000,0.000000000,0.0000,0.000000,0.0000,0.0000,0.0000,0.0000,0.000000,0.000000,0.0000
462,COUNT_UP,0.000900,1.000901,293.64,0.000000000,0.000000000,0.0000,0.000000,0.0000,0.0000,0.0000,0.0000,0.000000,0.000000,0.0000
463,COUNT_UP,0.000868,1.000869,293.65,0.000000000,0.000000000,0.0000,0.000000,0.0000,0.0000,0.0000,0.0000,0.000000,0.000000,0.0000
464,COUNT_UP,0.000950,1.000950,293.64,0.000000000,0.000000000,0.0000,0.000000,0.0000,0.0000,0.0000,0.0000,0.000000,0.000000,0.0000
465,COUNT_UP,0.000855,1.000856,293.65,0.000000000,0.000000000,0.0000,0.000000,0.0000,0.0000,0.0000,0.0000,0.000000,0.000000,0.0000
466,COUNT_UP,0.000881,1.000882,293.64,0.000000000,0.000000000,0.0000,0.000000,0.0000,0.0000,0.0000,0.0000,0.000000,0.000000,0.0000
467,COUNT_UP,0.000823,1.000823,293.65,0.000000000,0.000000000,0.0000,0.000000,0.0000,0.0000,0.0000,0.0000,0.000000,0.000000,0.0000
468,COUNT_UP,0.000879,1.000879,293.64,0.000000000,0.000000000,0.0000,0.000000,0.0000,0.0000,0.0000,0.0000,0.000000,0.000000,0.0000
469,COUNT_UP,0.000782,1.000782,293.65,0.000000000,0.000000000,0.0000,0.000000,0.0000,0.0000,0.0000,0.0000,0.000000,0.000000,0.0000
470,COUNT_UP,0.000850,1.000850,293.64,0.000000000,0.000000000,0.0000,0.000000,0.0000,0.0000,0.0000,0.0000,0.000000,0.000000,0.0000
471,COUNT_UP,0.000833,1.000834,293.65,0.000000000,0.000000000,0.0000,0.000000,0.0000,0.0000,0.0000,0.0000,0.000000,0.000000,0.0000
472,COUNT_UP,0.000845,1.000845,293.64,0.000000000,0.000000000,0.0000,0.000000,0.0000,0.0000,0.0000,0.0000,0.000000,0.000000,0.0000
473,COUNT_UP,0.000832,1.000832,293.65,0.000000000,0.000000000,0.0000,0.000000,0.0000,0.0000,0.0000,0.0000,0.000000,0.000000,0.0000
474,COUNT_UP,0.000766,1.000766,293.64,0.000000000,0.000000000,0.0000,0.000000,0.0000,0.0000,0.0000,0.0000,0.000000,0.000000,0.0000
475,COUNT_UP,0.000768,1.000768,293.65,0.000000000,0.000000000,0.0000,0.000000,0.0000,0.0000,0.0000,0.0000,0.000000,0.000000,0.0000
476,COUNT_UP,0.000750,1.000751,293.64,0.000000000,0.000000000,0.0000,0.000000,0.0000,0.0000,0.0000,0.0000,0.000000,0.000000,0.0000
477,COUNT_UP,0.000845,1.000845,293.65,0.000000000,0.000000000,0.0000,0.000000,0.0000,0.0000,0.0000,0.0000,0.000000,0.000000,0.0000
478,COUNT_UP,0.000780,1.000780,293.64,0.000000000,0.000000000,0.0000,0.000000,0.0000,0.0000,0.0000,0.0000,0.000000,0.000000,0.0000
479,COUNT_UP,0.000759,1.000759,293.65,0.000000000,0.000000000,0.0000,0.000000,0.0000,0.0000,0.0000,0.0000,0.000000,0.000000,0.0000
480,COUNT_UP,0.000819,1.000819,293.64,0.000000000,0.000000000,0.0000,0.000000,0.0000,0.0000,0.0000,0.0000,0.000000,0.000000,0.0000
481,COUNT_UP,0.000751,1.000751,293.65,0.000000000,0.000000000,0.0000,0.000000,0.0000,0.0000,0.0000,0.0000,0.000000,0.000000,0.0000
482,COUNT_UP,0.000747,1.000747,293.64,0.000000000,0.000000000,0.0000,0.000000,0.0000,0.0000,0.0000,0.0000,0.000000,0.000000,0.0000
483,COUNT_UP,0.000725,1.000725,293.65,0.000000000,0.000000000,0.0000,0.000000,0.0000,0.0000,0.0000,0.0000,0.000000,0.000000,0.0000
484,COUNT_UP,0.000753,1.000753,293.64,0.000000000,0.000000000,0.0000,0.000000,0.0000,0.0000,0.0000,0.0000,0.000000,0.000000,0.0000
485,COUNT_UP,0.000796,1.000797,293.65,0.000000000,0.000000000,0.0000,0.000000,0.0000,0.0000,0.0000,0.0000,0.000000,0.000000,0.0000
486,COUNT_UP,0.000754,1.000755,293.64,0.000000000,0.000000000,0.0000,0.000000,0.0000,0.0000,0.0000,0.0000,0.000000,0.000000,0.0000
487,COUNT_UP,0.000778,1.000779,293.65,0.000000000,0.000000000,0.0000,0.000000,0.0000,0.0000,0.0000,0.0000,0.000000,0.000000,0.0000
488,COUNT_UP,0.000779,1.000780,293.64,0.000000000,0.000000000,0.0000,0.000000,0.0000,0.0000,0.0000,0.0000,0.000000,0.000000,0.0000
489,COUNT_UP,0.000769,1.000769,293.65,0.000000000,0.000000000,0.0000,0.000000,0.0000,0.0000,0.0000,0.0000,0.000000,0.000000,0.0000
490,COUNT_UP,0.000780,1.000780,293.64,0.000000000,0.000000000,0.0000,0.000000,0.0000,0.0000,0.0000,0.0000,0.000000,0.000000,0.0000
491,COUNT_UP,0.000761,1.000761,293.65,0.000000000,0.000000000,0.0000,0.000000,0.0000,0.0000,0.0000,0.0000,0.000000,0.000000,0.0000
492,COUNT_UP,0.000746,1.000746,293.64,0.000000000,0.000000000,0.0000,0.000000,0.0000,0.0000,0.0000,0.0000,0.000000,0.000000,0.0000
493,COUNT_UP,0.000764,1.000764,293.65,0.000000000,0.000000000,0.0000,0.000000,0.0000,0.0000,0.0000,0.0000,0.000000,0.000000,0.0000
494,COUNT_UP,0.000810,1.000810,293.64,0.000000000,0.000000000,0.0000,0.000000,0.0000,0.0000,0.0000,0.0000,0.000000,0.000000,0.0000
495,COUNT_UP,0.000751,1.000752,293.65,0.000000000,0.000000000,0.0000,0.000000,0.0000,0.0000,0.0000,0.0000,0.000000,0.000000,0.0000
496,COUNT_UP,0.000711,1.000711,293.64,0.000000000,0.000000000,0.0000,0.000000,0.0000,0.0000,0.0000,0.0000,0.000000,0.000000,0.0000
497,COUNT_UP,0.000714,1.000714,293.65,0.000000000,0.000000000,0.0000,0.000000,0.0000,0.0000,0.0000,0.0000,0.000000,0.000000,0.0000
498,COUNT_UP,0.000785,1.000786,293.64,0.000000000,0.000000000,0.0000,0.000000,0.0000,0.0000,0.0000,0.0000,0.000000,0.000000,0.0000
499,COUNT_UP,0.000742,1.000742,293.65,0.000000000,0.000000000,0.0000,0.000000,0.0000,0.0000,0.0000,0.0000,0.000000,0.000000,0.0000
